nombre,ingredientes
Sonrisa de Chayanne,N6t9770,C6p4s 59 P24120,13t 84mm3t,M92m97050 D620zn4,P3ñ0,M0nj02,F26t3770
Sonrisa de Chayanne,A20n50n4s,M92m97050 M420
Freaky Fritura,N4t M0y4,Z0n0h4230,M92m97050 F20mb69s0,H69v4 D624,M0nz0n0 C020m973z050,DCC29m0
Juanqueque Gabriel,R07705620 59 L3m4n,C29m0 P0st97920
Azucar Legalmente Rubio,H69v4 D624,F26t3770,Ch48470t9,M92m97050 F20mb69s0,M92m97050 D620zn4,C29m0 P0st97920,T26f0
Easy Avellana,M92m97050 M420,C6p4s 59 P24120,P3ñ0,13t 84mm3t
Focaccia Dulce,P3m39nt0
Juanqueque Gabriel,R07705620 59 L3m4n
Shirley's Special Sandwich,
Easy Avellana,DCC29m0
Sonrisa de Chayanne,N6t9770
Sonrisa de Chayanne,N6t9770,C6p4s 59 P24120,13t 84mm3t,M92m97050 D620zn4,P3ñ0,13t 84mm3t,F26t3770
Freaky Fritura,N4t M0y4,Z0n0h4230,M92m97050 F20mb69s0,H69v4 D624,M0nz0n0 C020m973z050,DCC29m0
Torticolis,P3m39nt0,S07s0 Esp98307 DCC,P70t0n4,S07s0 Esp98307 DCC,S07s0 Esp98307 DCC,F26t3770,N6t9770
Easy Avellana,M92m97050 M420,C6p4s 59 P24120,P3ñ0,13t 84mm3t,F26t3770,M92m97050 D620zn4
Sonrisa de Chayanne,N6t9770
Sonrisa de Chayanne,N6t9770,C6p4s 59 P24120,13t 84mm3t,M92m97050 D620zn4,P3ñ0,13t 84mm3t,F26t3770
Sonrisa de Chayanne,A20n50n4s,C6p4s 59 P24120,13t 84mm3t,P70t0n4,P3ñ0,13t 84mm3t,F26t3770
Cady Hellman's,DCC29m0,Z0n0h4230,R07705620 59 L3m4n,S07s0 Esp98307 DCC,M0nj02
Sonrisa de Chayanne,A20n50n4s
Freaky Fritura,N4t M0y4,Z0n0h4230,M92m97050 F20mb69s0,H69v4 D624,M0nz0n0 C020m973z050,DCC29m0
Freaky Fritura,N4t M0y4,S07s0 Esp98307 DCC,M92m97050 F20mb69s0,M92m97050 D620zn4,C6p4s 59 P24120,DCC29m0
Torticolis,P3m39nt0,S07s0 Esp98307 DCC,P70t0n4,S07s0 Esp98307 DCC,S07s0 Esp98307 DCC,F26t3770,N6t9770
Cady Hellman's,P3ñ0
