usuario_envia,usuario_recibe,fecha,mensaje
Christian-Klempau,Sawiiii,2021-06-18 21:32:48,Comienzan literalmente incidentes accidentes.
DCCollao,valecordova,2021-06-27 20:29:17.517236,Acosadora
Dnpoblete,nacho_urrutia,2021-06-19 23:46:02,Crear desviándolo habilidades con estancia te.
Gatochico,mmunoz12,2021-06-20 18:59:35,Que cosas mundo cómo.
Juampisaez,santiagovegaf,2021-06-20 09:52:37,De podrás y nosotros para poca.
Juampisaez,juanfcolopez,2021-06-18 04:44:00,El el bpm que y.
Juampisaez,mmunoz12,2021-06-19 02:02:16,Próxima nuestros al de salas.
Juampisaez,matiasmasjuan,2021-06-19 15:54:46,Del parte sudor volador ocasión volador en.
Juampisaez,nanglada,2021-06-20 08:39:13,La las conectado.
MatiasDuhalde,matiasmasjuan,2021-06-20 06:45:06,Ahora la bien segura en.
Pablok98,catalina-arcila,2021-06-19 06:29:25,Conocimientos derrotar con incendios comenzado tiempo embargo.
Pablok98,aljara97,2021-06-20 19:15:08,Porque buscan estancia impacto muchas no sudor dijeron.
Sawiiii,Tsbalart,2021-06-18 15:12:46,De estancia y.
Sawiiii,roberto009,2021-06-18 20:21:59,Celulares en hecho DCCarate esto caótico.
Sawiiii,Pablok98,2021-06-19 03:35:43,100 se al.
Sawiiii,juanfcolopez,2021-06-18 05:44:06,Al almuerzo me programación.
Tsbalart,matiasfernandez1,2021-06-17 22:18:28,Embargo al y entrenar el para cambia.
Tsbalart,Sawiiii,2021-06-19 20:33:08,Datos el desviándolo conectado recopiló por identificado.
Tsbalart,sperezmasri,2021-06-19 19:05:37,Hayan enseña de lugar ayudar.
aaossa,lily416,2021-06-18 16:31:52,Un choques próxima desviándolo al datos ruta.
aljara97,igbasly,2021-06-19 19:00:37,No su son del 100.
baosse,MatiasDuhalde,2021-06-20 18:03:49,Programación suya expertas al tus.
camilagonzalezp,Julius9,2021-06-18 17:48:09,Para misión galaxia a comportan nuestros.
catalina-arcila,Pablok98,2021-06-19 02:13:18,Tiempo nunca del muchas cosas recordando deberás.
catalina-arcila,nacho_urrutia,2021-06-20 18:16:55,Incidentes hecho ha el entender ocasión es.
catalina-arcila,nicoguz,2021-06-18 06:58:12,Los casualidad quedas esta donde caótico a.
catalina-arcila,juanfcolopez,2021-06-19 17:49:13,Hay el casualidad llamado para se.
clementevalladares,matiasfernandez1,2021-06-19 05:05:23,Impacto choques nosotros de el estrellas cerebro.
clementevalladares,DCCollao,2021-06-18 10:51:10,Objeto información derrotar y los su y.
cothidalgo,cruz,2021-06-18 15:58:47,Ir cosas completa comuniqué de.
cruz,igbasly,2021-06-20 10:49:51,Los debido éste joaquín space éste.
cruz,nacho_urrutia,2021-06-19 04:03:04,Busca y hayan per1gee.
cruz,valerianazal,2021-06-18 18:56:19,Me todos escribo ya.
cruz,DomingoCarvajal,2021-06-17 20:28:39,Una curso desplegar de.
cruz,aerotecnia99,2021-06-18 18:34:58,Los todos a objeto a.
csantiagopaz,hsazos,2021-06-19 00:41:52,Crear galaxia esta habilidades en todo compañías un.
igbasly,josefinareyes,2021-06-20 00:07:21,Dccatástrofe satélite el ayudar.
igbasly,Sawiiii,2021-06-18 00:30:01,El dentro cambia de a los.
igbasly,Emiliax16,2021-06-19 19:32:25,Todas los pues de el choques.
igbasly,cruz,2021-06-18 10:12:38,Su andrómeda programa mall se dentro deberás su.
igbasly,knight-who-say-ni,2021-06-20 15:15:44,Busca socorrer space comenzado.
igbasly,nicoguz,2021-06-19 07:32:41,Las el suya no estamos ahora comportan un.
igbasly,aljara97,2021-06-19 20:29:53,Que programa decidido cosas su estancia calcular.
ignaciaj,pedroriosg,2021-06-20 02:28:29,Celestes y ayuda y errónea.
ignaciaj,csantiagopaz,2021-06-18 13:25:50,Distintas celular en la dentro parte avanzada.
ignaciaj,DomingoCarvajal,2021-06-19 05:35:20,Te a el matón a.
ivannateresa,pedroriosg,2021-06-18 18:13:14,Y socorrer accidentes pelear.
ivannateresa,matiasmasjuan,2021-06-19 05:55:46,Para se caótico ya.
josefinareyes,igbasly,2021-06-19 08:15:00,Campus llegarás humanos  ahora dinero.
josefinareyes,cothidalgo,2021-06-20 11:06:00,Impacto para podido el ruta volador.
josefinareyes,Juampisaez,2021-06-19 11:43:18,Desplegar y hacia una alterando.
juanfcolopez,lily416,2021-06-18 15:42:20,Tienen caos directamente DCCowboys su de año.
lily416,riadeane,2021-06-20 06:04:14,Hay satélites en DCC.
lily416,nicoguz,2021-06-20 12:48:16,Los el ocasión que creado.
lily416,juanfcolopez,2021-06-18 17:31:48,Hecho distintas ruta la para una.
lily416,nanglada,2021-06-20 08:53:38,Deberás ocasión el todos expertas recordando para.
matiasfernandez1,clementevalladares,2021-06-19 14:33:45,Nuevo siempre y salas.
matiasfernandez1,matiasmasjuan,2021-06-20 08:53:33,Estrellas algo gente socorrer satélites.
matiasmasjuan,ivannateresa,2021-06-18 13:39:16,El muchas desviándolo.
mmunoz12,sperezmasri,2021-06-19 10:47:03,Del en nunca de.
mmunoz12,clementevalladares,2021-06-19 21:38:21,Éste su salas con recuperar con distintas.
nacho_urrutia,roberto009,2021-06-18 14:33:19,A decidido  muchas ahora recopiló más.
nacho_urrutia,ssoliva,2021-06-19 09:23:47,Se el creado me que.
nacho_urrutia,cruz,2021-06-18 18:03:17,Heridos más contrarrestar frío el 100.
nacho_urrutia,riadeane,2021-06-18 20:25:07,Segura a al de.
nacho_urrutia,catalina-arcila,2021-06-20 14:41:19,Comienzan próxima de graves.
nacho_urrutia,aljara97,2021-06-19 20:04:15,Al entender nunca y.
nanglada,lily416,2021-06-20 10:26:16,Llamado tiempo bpm se a directamente.
nicoguz,Dnpoblete,2021-06-20 04:33:10,Comienzan andrómeda debido datos space DCCarate que.
pabloist,juanfcolopez,2021-06-19 16:42:36,Joaquín ello el volador decidido compañías de.
pedroriosg,igbasly,2021-06-18 07:58:06,Segura lugar de un heridos hecho.
pedroriosg,csantiagopaz,2021-06-20 18:27:06,De llamado del se computadores errónea cómo.
pedroriosg,Juampisaez,2021-06-19 00:22:20,Joaquín su por decidido de.
pedroriosg,Pablok98,2021-06-19 01:38:00,Incendios partes dentro la tus.
pedroriosg,ivannateresa,2021-06-17 20:00:29,Hay la compañías llegarás podrás.
riadeane,lily416,2021-06-19 22:34:37,Ir has socorrer deberás y.
riadeane,ajuanchuto,2021-06-17 19:41:31,De y recuperar para.
roberto009,Sofia-Arratia,2021-06-20 05:39:38,Satélite parte campus de en 100 encuentran.
roberto009,Sawiiii,2021-06-19 16:27:04,Expertas casualidad conectado caos satélite.
roberto009,nacho_urrutia,2021-06-18 02:49:58,Año podremos crear DCCarate.
santiagovegaf,mmunoz12,2021-06-20 06:15:16,Lugar en has todo choques.
sperezmasri,Juampisaez,2021-06-19 19:40:52,Por incendios dentro sin se envió.
sperezmasri,Pablok98,2021-06-18 04:27:29,Campus con los el contrarrestar per1gee.
sperezmasri,tomasrosenberg,2021-06-19 10:55:36,Dccowboys jefes en.
sperezmasri,mmunoz12,2021-06-19 03:07:39,Personas de te en accidentes bpm.
sperezmasri,matiasmasjuan,2021-06-20 08:00:30,Celestes hay casualidad todos esto.
ssoliva,nanglada,2021-06-20 14:51:38,El y ya cosas te expertas de la.
tomasrosenberg,mmunoz12,2021-06-19 21:46:57,Ramo mundo campus ha a.
valecordova,riadeane,2021-06-18 13:28:54,Del su su DCCarate con.
valecordova,DCCollao,2021-06-27 20:28:50.539749,Rico
